{
    "acc": [
        0.0,
        0.20000000298023224,
        0.4000000059604645,
        0.4000000059604645,
        0.4000000059604645
    ],
    "loss": [
        2.3025853633880615,
        2.3015434741973877,
        2.300342559814453,
        2.2990708351135254,
        2.2977590560913086
    ],
    "val_acc": [
        0.20000000298023224,
        0.0,
        0.0,
        0.0,
        0.0
    ],
    "val_loss": [
        2.305633783340454,
        2.3058066368103027,
        2.3059909343719482,
        2.3061814308166504,
        2.3063764572143555
    ]
}